 ,,,,,,,,,,,,,,,,,,,,,,,,,,,,,,,,,,,,,,,,,,,,,,,,,,,,,
,SETORAN KAS EKSKUL BASKET,,,,,,,,,,,,,,,,,,,,,,,,,,,,,,,,,,,,,,,,,,,,,,,,,,,,
,SMA NEGERI 1 CILEUNYI,,,,,,,,,,,,,,,,,,,,,,,,,,,,,,,,,,,,,,,,,,,,,,,,,,,,
,Tahun 2026,,,,,,,,,,,,,,,,,,,,,,,,,,,,,,,,,,,,,,,,,,,,,,,,,,,,
,,,,,,,,,,,,,,,,,,,,,,,,,,,,,,,,,,,,,,,,,,,,,,,,,,,,,
,KELAS 10,,,,,,,,,,,,,,,,,,,,,,,,,,,,,,,,,,,,,,,,,,,,,,,,,,,,
,NO,NAMA,KLS 10,MIN,PLUS,JULI,,,,AGUSTUS,,,,,SEPTEMBER,,,,OKTOBER,,,,SEPTEMBER,,,,,OKTOBER,,,,NOVEMBER,,,,DESEMBER,,,,,,,,,,,,,,,,,
,,,,,,M1,M2,M3,M4,M1,M2,M3,M4,M5,M1,M2,M3,M4,M1,M2,M3,M4,M1,M2,M3,M4,M5,M1,M2,M3,M4,M1,M2,M3,M4,M1,M2,M3,M4,M5,,,,,,,,,,,,,
,1,Alfian Maulana ,A,,,,,26/7,26/7,4/8,4/8,18/8,30/8,30/8,OFF,OFF,20/9,27/9,5/10,11/10,19/10,27/10,9/9,16/9,16/9,,,,,,,,,,,,,,,,,,,,,,,,,,,,
,2,Aluna Sagita ,A,3,,,,26/7,26/7,4/8,10/8,31/8,31/8,31/8,OFF,OFF,20/9,27/9,6/10,17/10,17/10,25/10,,,,,,,,,,,,,,,,,,,,,,,,,,,,,,,
,3,Muhammad Khadafi ,A,3,,,,27/7,27/7,4/8,10/8,17/8,6/9,6/9,OFF,OFF,21/9,22/9,5/10,11/10,19/10,26/10,,,,,,,,,,,,,,,,,,,,,,,,,,,,,,,
,4,Ghaisan Jaris ,B,3,,,,26/7,26/7,2/8,2/8,18/8,30/8,30/8,OFF,OFF,20/9,27/9,4/10,12/10,20/10,27/10,,,,,,,,,,,,,,,,,,,,,,,,,,,,,,,
,5,Yuane Silvia ,B,3,,,,1/8,1/8,1/8,17/8,17/8,17/8,17/8,17/8,OFF,16/10,16/10,16/10,16/10,16/10,16/11,,,,,,,,,,,,,,,,,,,,,,,,,,,,,,,
,6,Dema Kinan ,D,,2,,,26/7,26/7,3/8,10/8,18/8,30/8,30/8,OFF,OFF,21/9,27/9,5/10,11/10,26/10,2/11,9/9,16/9,16/9,16/9,16/9,,,,,,,,,,,,,,,,,,,,,,,,,,
,7,Dendi Wijaya ,E,3,,,,28/7,28/7,31/8,31/8,31/8,31/8,31/8,OFF,OFF,27/9,27/9,6/10,19/10,19/10,3/11,,,,,,,,,,,,,,,,,,,,,,,,,,,,,,,
,8,Nazriel Dwi ,E,3,,,,27/7,27/7,9/8,9/8,10/8,30/8,30/8,OFF,OFF,20/9,12/10,12/10,12/10,20/10,17/11,,,,,,,,,,,,,,,,,,,,,,,,,,,,,,,
,9,Aisyah Azkiya ,F,3,,,,26/7,26/7,3/8,10/8,17/8,30/8,4/9,OFF,OFF,20/9,27/9,27/9,5/10,11/10,11/10,,,,,,,,,,,,,,,,,,,,,,,,,,,,,,,
,10,Hafizh Rifqi ,F,,,,,26/7,26/7,2/8,2/8,21/8,21/8,30/8,OFF,OFF,20/9,27/9,4/10,11/10,17/10,25/10,16/9,16/9,16/9,,,,,,,,,,,,,,,,,,,,,,,,,,,,
,11,Muhammad Syakir Arviansyah ,F,,1,,,28/7,28/7,10/8,10/8,4/9,7/9,7/9,OFF,OFF,20/9,27/9,5/10,11/10,19/10,27/10,16/9,16/9,16/9,16/9,,,,,,,,,,,,,,,,,,,,,,,,,,,
,12,Elis Styaloka ,G,3,,,,28/7,28/7,3/8,9/8,31/8,31/8,31/8,OFF,OFF,21/9,27/9,5/10,2/11,2/11,2/11,,,,,,,,,,,,,,,,,,,,,,,,,,,,,,,
,13,Muhammad Raga Pratama ,G,2,,,,26/7,26/7,2/8,10/8,18/8,30/8,30/8,OFF,OFF,20/9,27/9,4/10,11/10,19/10,25/10,9/9,,,,,,,,,,,,,,,,,,,,,,,,,,,,,,
,14,Puan Sae ,G,1,,,,26/7,26/7,1/8,1/8,14/8,30/8,30/8,OFF,OFF,20/9,27/9,27/9,27/9,20/10,23/10,9/9,9/9,,,,,,,,,,,,,,,,,,,,,,,,,,,,,
,15,Yusuf Gibran ,G,3,,,,26/7,26/7,4/8,17/8,18/8,20/9,21/9,OFF,OFF,22/9,29/9,5/10,12/10,25/10,31/10,,,,,,,,,,,,,,,,,,,,,,,,,,,,,,,
,16,Jihan Luthfi ,H,,,,,26/7,26/7,2/8,11/8,16/8,30/8,30/8,OFF,OFF,20/9,2/10,2/10,11/10,19/10,25/10,2/9,16/9,16/9,,,,,,,,,,,,,,,,,,,,,,,,,,,,
,17,Rajata Wira ,H,,,,,28/7,1/8,3/8,10/8,16/8,30/8,31/8,OFF,OFF,21/9,27/9,2/10,9/10,23/10,26/10,9/9,16/9,16/9,,,,,,,,,,,,,,,,,,,,,,,,,,,,
,18,Dias Ikhsanul ,I,3,,,,26/7,26/7,3/8,10/8,30/8,30/8,30/8,OFF,OFF,20/9,27/9,5/10,11/10,19/10,27/10,,,,,,,,,,,,,,,,,,,,,,,,,,,,,,,
,19,Gantari Amyra ,I,,,,,26/7,26/7,2/8,9/8,16/8,30/8,30/8,OFF,OFF,20/9,27/9,4/10,10/10,17/10,25/10,16/9,16/9,16/9,,,,,,,,,,,,,,,,,,,,,,,,,,,,
,20,Nasywa Salsabilallah ,J,3,,,,26/7,26/7,4/8,10/8,16/8,16/8,30/8,OFF,OFF,20/9,27/9,6/10,11/10,19/10,2/11,,,,,,,,,,,,,,,,,,,,,,,,,,,,,,,
,,1369,,,,,,37,37,37,37,37,37,37,0,0,37,37,37,37,37,37,37,37,37,36,36,36,36,36,36,0,34,33,33,33,33,33,32,32,32,32,32,0,0,32,31,31,29,29,26,23,1
,,"2,738,000",,,,,,,,,,,,,,,,,,,,,,,,,,,,,,,,,,,,,,,,,,,,,,,,,,,
,21,Rizam Achmad ,K,,,,,26/7,26/7,4/8,17/8,18/8,20/9,21/9,OFF,OFF,22/9,29/9,5/10,12/10,25/10,31/10,9/9,16/9,16/9,,,,,,,,,,,,,,,,,,,,,,,,,,,,
,22,Vina Aulia ,K,3,,,,26/7,26/7,2/8,11/8,16/8,30/8,30/8,OFF,OFF,20/9,2/10,2/10,11/10,19/10,25/10,,,,,,,,,,,,,,,,,,,,,,,,,,,,,,,
,23,Nazfa Yulia ,L,,,,,28/7,1/8,3/8,10/8,16/8,30/8,31/8,OFF,OFF,21/9,27/9,2/10,9/10,23/10,26/10,2/9,16/9,16/9,,,,,,,,,,,,,,,,,,,,,,,,,,,,
,24,Niken Alexandra ,L,,,,,26/7,26/7,3/8,10/8,30/8,30/8,30/8,OFF,OFF,20/9,27/9,5/10,11/10,19/10,27/10,16/9,16/9,16/9,,,,,,,,,,,,,,,,,,,,,,,,,,,,
,25,Nizab Alfahri ,L,3,,,,26/7,26/7,2/8,9/8,16/8,30/8,30/8,OFF,OFF,20/9,27/9,4/10,10/10,17/10,25/10,,,,,,,,,,,,,,,,,,,,,,,,,,,,,,,
,,,,42,3,,,,,,,,,,,,,,,,,,,,,,,,,,,,,,,,,,36,36,,,,,,,,,,,,,
,,,,,,,,,,,,,,,,,,,,,,,,,,,,,,,,,,,,,,,,,,,,,,,,,,,,,
,,,,,,,,,,,,,,,,,,,,,,,,,,,,,,,,,,,,,,,,,,,,,,,,,,,,,
,KELAS 11,,,,,,,,,,,,,,,,,,,,,,,,,,,,,,,,,,,,,,,,,,,,,,,,,,,,
,NO,NAMA,KLS 11,MIN,PLUS,JULI,,,,AGUSTUS,,,,,SEPTEMBER,,,,OKTOBER,,,,SEPTEMBER,,,,,OKTOBER,,,,NOVEMBER,,,,DESEMBER,,,,,,,,,,,,,,,,,
,,,,,,M1,M2,M3,M4,M1,M2,M3,M4,M5,M1,M2,M3,M4,M1,M2,M3,M4,M1,M2,M3,M4,M5,M1,M2,M3,M4,M1,M2,M3,M4,M1,M2,M3,M4,M5,,,,,,,,,,,,,
,1,Arjuna Anggara A.S,F1A,2,,,,26/7,26/7,4/8,4/8,18/8,30/8,30/8,OFF,OFF,20/9,27/9,5/10,11/10,19/10,27/10,9/9,,,,,,,,,,,,,,,,,,,,,,,,,,,,,,
,2,Richardo Anugrah Bako ,F2A,3,,,,26/7,26/7,4/8,10/8,31/8,31/8,31/8,OFF,OFF,20/9,27/9,6/10,17/10,17/10,25/10,,,,,,,,,,,,,,,,,,,,,,,,,,,,,,,
,3,Meisya Anindya Nirbitha ,F2C,3,,,,27/7,27/7,4/8,10/8,17/8,6/9,6/9,OFF,OFF,21/9,22/9,5/10,11/10,19/10,26/10,,,,,,,,,,,,,,,,,,,,,,,,,,,,,,,
,4,Raihan Fauzan Hanief ,F2C,3,,,,26/7,26/7,2/8,2/8,18/8,30/8,30/8,OFF,OFF,20/9,27/9,4/10,12/10,20/10,27/10,,,,,,,,,,,,,,,,,,,,,,,,,,,,,,,
,5,Dwinantara Arsya R.C ,F2D,3,,,,1/8,1/8,1/8,17/8,17/8,17/8,17/8,17/8,OFF,16/10,16/10,16/10,16/10,16/10,16/11,,,,,,,,,,,,,,,,,,,,,,,,,,,,,,,
,6,Husni Ali Riyaddudin ,F2D,2,,,,26/7,26/7,3/8,10/8,18/8,30/8,30/8,OFF,OFF,21/9,27/9,5/10,11/10,26/10,2/11,2/9,,,,,,,,,,,,,,,,,,,,,,,,,,,,,,
,7,Rajendra Fadhil Alvaro ,F2D,2,,,,28/7,28/7,31/8,31/8,31/8,31/8,31/8,OFF,OFF,27/9,27/9,6/10,19/10,19/10,3/11,9/9,,,,,,,,,,,,,,,,,,,,,,,,,,,,,,
,8,Rismawati Sutoyo ,F3A,2,,,,27/7,27/7,9/8,9/8,10/8,30/8,30/8,OFF,OFF,20/9,12/10,12/10,12/10,20/10,17/11,9/9,,,,,,,,,,,,,,,,,,,,,,,,,,,,,,
,9,Adelia Septiani,F3C,3,,,,26/7,26/7,3/8,10/8,17/8,30/8,4/9,OFF,OFF,20/9,27/9,27/9,5/10,11/10,11/10,,,,,,,,,,,,,,,,,,,,,,,,,,,,,,,
,10,Muhammad Rizki Aurelio,F3C,3,,,,26/7,26/7,2/8,2/8,21/8,21/8,30/8,OFF,OFF,20/9,27/9,4/10,11/10,17/10,25/10,,,,,,,,,,,,,,,,,,,,,,,,,,,,,,,
,11,Syahla Athaya Nafisah Z,F3E,,,,,28/7,28/7,10/8,10/8,4/9,7/9,7/9,OFF,OFF,20/9,27/9,5/10,11/10,19/10,27/10,9/9,16/9,16/9,,,,,,,,,,,,,,,,,,,,,,,,,,,,
,12,Assyfa Sadina Elvariyani ,F3F,,,,,28/7,28/7,3/8,9/8,31/8,31/8,31/8,OFF,OFF,21/9,27/9,5/10,2/11,2/11,2/11,2/9,16/9,16/9,,,,,,,,,,,,,,,,,,,,,,,,,,,,
,13,Guruh Dewantara ,F3F,3,,,,26/7,26/7,2/8,10/8,18/8,30/8,30/8,OFF,OFF,20/9,27/9,4/10,11/10,19/10,25/10,,,,,,,,,,,,,,,,,10,10,,,,,,,,,,,,,
,,,,29,0,,,,,,,,,,,,,,,,,,,,,,,,,,,,,,,,,,10,10,,,,,,,,,,,,,
,,,,,,,,,,,,,,,,,,,,,,,,,,,,,,,,,,,,,,,,,,,,,,,,,,,,,
,,,,,,,,,,,,,,,,,,,,,,,,,,,,,,,,,,,,,,,,,,,,,,,,,,,,,
,KELAS 12,,,,,,,,,,,,,,,,,,,,,,,,,,,,,,,,,,,,,,,,,,,,,,,,,,,,
,NO,NAMA,KLS 12,MIN,PLUS,JULI,,,,AGUSTUS,,,,,SEPTEMBER,,,,OKTOBER,,,,SEPTEMBER,,,,,OKTOBER,,,,NOVEMBER,,,,DESEMBER,,,,,,,,,,,,,,,,,
,,,,,,M1,M2,M3,M4,M1,M2,M3,M4,M5,M1,M2,M3,M4,M1,M2,M3,M4,M1,M2,M3,M4,M5,M1,M2,M3,M4,M1,M2,M3,M4,M1,M2,M3,M4,M5,,,,,,,,,,,,,
,1,Abdul Wahid,,,,,,26/7,26/7,4/8,4/8,18/8,30/8,30/8,OFF,OFF,20/9,27/9,5/10,11/10,19/10,27/10,2/11,,,,,,,,,,,,,,,,,,,,,,,,,,,,,,
,2,Adny Sandy Sairinissa,,,,,,26/7,26/7,4/8,10/8,31/8,31/8,31/8,OFF,OFF,20/9,27/9,6/10,17/10,17/10,25/10,,,,,,,,,,,,,,,,,,,,,,,,,,,,,,,
,3,Anton Junika,,,,,,27/7,27/7,4/8,10/8,17/8,6/9,6/9,OFF,OFF,21/9,22/9,5/10,11/10,19/10,26/10,,,,,,,,,,,,,,,,,,,,,,,,,,,,,,,
,4,Assyfa Izmi Nur Rahimah,,,,,,26/7,26/7,2/8,2/8,18/8,30/8,30/8,OFF,OFF,20/9,27/9,4/10,12/10,20/10,27/10,,,,,,,,,,,,,,,,,,,,,,,,,,,,,,,
,5,Assyfa Sadina Elvariyani,,,,,,1/8,1/8,1/8,17/8,17/8,17/8,17/8,17/8,OFF,16/10,16/10,16/10,16/10,16/10,16/11,,,,,,,,,,,,,,,,,,,,,,,,,,,,,,,
,6,Boski Rafael Junifer Simbolon,,,,,,26/7,26/7,3/8,10/8,18/8,30/8,30/8,OFF,OFF,21/9,27/9,5/10,11/10,26/10,2/11,,,,,,,,,,,,,,,,,,,,,,,,,,,,,,,
,7,Celista Syahlaa Nursamsyi,,,,,,28/7,28/7,31/8,31/8,31/8,31/8,31/8,OFF,OFF,27/9,27/9,6/10,19/10,19/10,3/11,,,,,,,,,,,,,,,,,,,,,,,,,,,,,,,
,8,Denis Apriansyah,,,,,,27/7,27/7,9/8,9/8,10/8,30/8,30/8,OFF,OFF,20/9,12/10,12/10,12/10,20/10,17/11,,,,,,,,,,,,,,,,,,,,,,,,,,,,,,,
,9,Derren Ferdeva Al Azril,,,,,,26/7,26/7,3/8,10/8,17/8,30/8,4/9,OFF,OFF,20/9,27/9,27/9,5/10,11/10,11/10,,,,,,,,,,,,,,,,,,,,,,,,,,,,,,,
,10,Diana Putri,,,,,,26/7,26/7,2/8,2/8,21/8,21/8,30/8,OFF,OFF,20/9,27/9,4/10,11/10,17/10,25/10,,,,,,,,,,,,,,,,,,,,,,,,,,,,,,,